##用户
INSERT INTO sys_user (user_id, username, password, nickname, birthday, sex, certificate_type, certificate_num, mobile_number, phone_number, email, fax, avatar, status, del_flag, login_ip, login_date, create_by, create_name, create_date, update_by, update_name, update_date, remark) VALUES ('358235749751066624', 'admin', '$2a$10$biko8nSvR7lbHn83x95dpelBEB8HTp5ycKg6wP72BtQgzSewGzQFK', '系统管理员', null, null, null, null, null, null, null, null, null, 0, 0, '127.0.0.1', '2023-09-16 02:08:20', null, null, null, 'admin', '系统管理员', '2023-05-26 17:53:34', null);
##角色
INSERT INTO sys_role (role_id, role_name, role_key, order_num, menu_check_strictly, dept_check_strictly, status, del_flag, create_by, create_name, create_date, update_by, update_name, update_date, remark) VALUES ('358235749763649536', '管理员', 'admin', 0, 1, null, 0, 0, null, null, null, 'admin', '系统管理员', '2023-07-19 15:29:08', null);
##菜单
INSERT INTO sys_menu (menu_id, menu_name, parent_id, order_num, path, component, is_frame, is_cache, menu_type, visible, status, perms, icon, create_by, create_name, create_date, update_by, update_name, update_date, remark) VALUES ('358235749763649537', '编辑菜单', '358235749767843861', 2, null, null, 0, null, 'button', 0, 0, 'sys:menu:edit', null, 'admin', '系统管理员', '2023-05-25 15:58:08', 'admin', '系统管理员', '2023-05-25 15:58:08', null);
INSERT INTO sys_menu (menu_id, menu_name, parent_id, order_num, path, component, is_frame, is_cache, menu_type, visible, status, perms, icon, create_by, create_name, create_date, update_by, update_name, update_date, remark) VALUES ('358235749763649538', '删除部门', '358235749767843848', 3, null, null, 0, null, 'button', 0, 0, 'sys:dept:delete', null, 'admin', '系统管理员', '2023-05-25 17:19:02', 'admin', '系统管理员', '2023-05-25 17:19:02', null);
INSERT INTO sys_menu (menu_id, menu_name, parent_id, order_num, path, component, is_frame, is_cache, menu_type, visible, status, perms, icon, create_by, create_name, create_date, update_by, update_name, update_date, remark) VALUES ('358235749763649539', '编辑用户', '358235749767843858', 2, null, null, 0, null, 'button', 0, 0, 'sys:user:edit', null, 'admin', '系统管理员', '2023-05-22 18:12:55', 'admin', '系统管理员', '2023-05-22 18:13:05', null);
INSERT INTO sys_menu (menu_id, menu_name, parent_id, order_num, path, component, is_frame, is_cache, menu_type, visible, status, perms, icon, create_by, create_name, create_date, update_by, update_name, update_date, remark) VALUES ('358235749763649540', '添加字典', '358235749767843867', 1, null, null, 0, null, 'button', 0, 0, 'sys:dict:add', null, 'admin', '系统管理员', '2023-06-20 16:11:05', 'admin', '系统管理员', '2023-06-20 16:11:05', null);
INSERT INTO sys_menu (menu_id, menu_name, parent_id, order_num, path, component, is_frame, is_cache, menu_type, visible, status, perms, icon, create_by, create_name, create_date, update_by, update_name, update_date, remark) VALUES ('358235749767843845', '添加系统配置', '358235749767843847', 1, null, null, 0, null, 'button', 0, 0, 'sys:config:add', null, 'admin', '系统管理员', '2023-07-06 14:37:00', 'admin', '系统管理员', '2023-07-06 14:37:00', null);
INSERT INTO sys_menu (menu_id, menu_name, parent_id, order_num, path, component, is_frame, is_cache, menu_type, visible, status, perms, icon, create_by, create_name, create_date, update_by, update_name, update_date, remark) VALUES ('358235749767843846', '查询用户', '358235749767843858', 0, null, null, 0, null, 'button', 0, 0, 'sys:user:search', null, 'admin', '系统管理员', '2023-05-22 15:52:55', 'admin', '系统管理员', '2023-05-22 15:53:33', null);
INSERT INTO sys_menu (menu_id, menu_name, parent_id, order_num, path, component, is_frame, is_cache, menu_type, visible, status, perms, icon, create_by, create_name, create_date, update_by, update_name, update_date, remark) VALUES ('358235749767843847', '系统配置管理', '358235749767843855', 5, 'config', '/system/config', 0, null, 'menu', 0, 0, 'sys:config:list', 'monitor', 'admin', '系统管理员', '2023-07-06 14:34:41', 'admin', '系统管理员', '2023-07-14 15:10:51', null);
INSERT INTO sys_menu (menu_id, menu_name, parent_id, order_num, path, component, is_frame, is_cache, menu_type, visible, status, perms, icon, create_by, create_name, create_date, update_by, update_name, update_date, remark) VALUES ('358235749767843848', '部门管理', '358235749767843855', 2, 'dept', '/system/dept', 0, null, 'menu', 0, 0, 'sys:dept:list', 'nested', 'admin', '系统管理员', '2023-05-09 17:42:40', 'admin', '系统管理员', '2023-07-14 15:10:33', null);
INSERT INTO sys_menu (menu_id, menu_name, parent_id, order_num, path, component, is_frame, is_cache, menu_type, visible, status, perms, icon, create_by, create_name, create_date, update_by, update_name, update_date, remark) VALUES ('358235749767843849', '删除角色', '358235749767843862', 3, null, null, 0, null, 'button', 0, 0, 'sys:role:delete', null, 'admin', '系统管理员', '2023-05-23 11:01:43', 'admin', '系统管理员', '2023-05-23 11:02:09', null);
INSERT INTO sys_menu (menu_id, menu_name, parent_id, order_num, path, component, is_frame, is_cache, menu_type, visible, status, perms, icon, create_by, create_name, create_date, update_by, update_name, update_date, remark) VALUES ('358235749767843850', '分配角色', '358235749767843862', 4, null, null, 0, null, 'button', 0, 0, 'sys:role:auth', null, 'admin', '系统管理员', '2023-05-23 11:02:41', 'admin', '系统管理员', '2023-05-25 15:54:45', null);
INSERT INTO sys_menu (menu_id, menu_name, parent_id, order_num, path, component, is_frame, is_cache, menu_type, visible, status, perms, icon, create_by, create_name, create_date, update_by, update_name, update_date, remark) VALUES ('358235749767843851', '删除用户', '358235749767843858', 3, null, null, 0, null, 'button', 0, 0, 'sys:user:delete', null, 'admin', '系统管理员', '2023-05-22 18:14:21', 'admin', '系统管理员', '2023-05-22 18:14:21', null);
INSERT INTO sys_menu (menu_id, menu_name, parent_id, order_num, path, component, is_frame, is_cache, menu_type, visible, status, perms, icon, create_by, create_name, create_date, update_by, update_name, update_date, remark) VALUES ('358235749767843852', '删除系统配置', '358235749767843847', 3, null, null, 0, null, 'button', 0, 0, 'sys:config:delete', null, 'admin', '系统管理员', '2023-07-06 14:38:12', 'admin', '系统管理员', '2023-07-06 14:38:12', null);
INSERT INTO sys_menu (menu_id, menu_name, parent_id, order_num, path, component, is_frame, is_cache, menu_type, visible, status, perms, icon, create_by, create_name, create_date, update_by, update_name, update_date, remark) VALUES ('358235749767843853', '编辑角色', '358235749767843862', 2, null, null, 0, null, 'button', 0, 0, 'sys:role:edit', null, 'admin', '系统管理员', '2023-05-23 11:01:12', 'admin', '系统管理员', '2023-05-23 11:01:12', null);
INSERT INTO sys_menu (menu_id, menu_name, parent_id, order_num, path, component, is_frame, is_cache, menu_type, visible, status, perms, icon, create_by, create_name, create_date, update_by, update_name, update_date, remark) VALUES ('358235749767843854', '查询菜单', '358235749767843861', 0, null, null, 0, null, 'button', 0, 0, 'sys:menu:search', null, 'admin', '系统管理员', '2023-05-25 15:55:26', 'admin', '系统管理员', '2023-05-25 15:55:26', null);
INSERT INTO sys_menu (menu_id, menu_name, parent_id, order_num, path, component, is_frame, is_cache, menu_type, visible, status, perms, icon, create_by, create_name, create_date, update_by, update_name, update_date, remark) VALUES ('358235749767843855', '系统管理', null, 0, 'system', null, 0, 0, 'catalogue', 0, 0, 'sys:list', 'system', 'admin', '系统管理员', '2023-04-03 16:48:42', 'admin', '系统管理员', '2023-07-19 10:25:31', null);
INSERT INTO sys_menu (menu_id, menu_name, parent_id, order_num, path, component, is_frame, is_cache, menu_type, visible, status, perms, icon, create_by, create_name, create_date, update_by, update_name, update_date, remark) VALUES ('358235749767843856', '编辑部门', '358235749767843848', 2, null, null, 0, null, 'button', 0, 0, 'sys:dept:edit', null, 'admin', '系统管理员', '2023-05-25 17:18:30', 'admin', '系统管理员', '2023-05-25 17:19:10', null);
INSERT INTO sys_menu (menu_id, menu_name, parent_id, order_num, path, component, is_frame, is_cache, menu_type, visible, status, perms, icon, create_by, create_name, create_date, update_by, update_name, update_date, remark) VALUES ('358235749767843857', '添加用户', '358235749767843858', 1, null, null, 0, null, 'button', 0, 0, 'sys:user:add', null, 'admin', '系统管理员', '2023-05-22 18:12:08', 'admin', '系统管理员', '2023-05-22 18:12:08', null);
INSERT INTO sys_menu (menu_id, menu_name, parent_id, order_num, path, component, is_frame, is_cache, menu_type, visible, status, perms, icon, create_by, create_name, create_date, update_by, update_name, update_date, remark) VALUES ('358235749767843858', '用户管理', '358235749767843855', 0, 'user', '/system/user', 0, 0, 'menu', 0, 0, 'sys:user:list', 'user', 'admin', '系统管理员', '2023-04-03 17:15:24', 'admin', '系统管理员', '2023-07-17 12:00:16', null);
INSERT INTO sys_menu (menu_id, menu_name, parent_id, order_num, path, component, is_frame, is_cache, menu_type, visible, status, perms, icon, create_by, create_name, create_date, update_by, update_name, update_date, remark) VALUES ('358235749767843859', '编辑字典', '358235749767843867', 2, null, null, 0, null, 'button', 0, 0, 'sys:dict:edit', null, 'admin', '系统管理员', '2023-06-20 16:11:35', 'admin', '系统管理员', '2023-06-20 17:57:36', null);
INSERT INTO sys_menu (menu_id, menu_name, parent_id, order_num, path, component, is_frame, is_cache, menu_type, visible, status, perms, icon, create_by, create_name, create_date, update_by, update_name, update_date, remark) VALUES ('358235749767843860', '编辑系统配置', '358235749767843847', 2, null, null, 0, null, 'button', 0, 0, 'sys:config:edit', null, 'admin', '系统管理员', '2023-07-06 14:37:37', 'admin', '系统管理员', '2023-07-06 14:37:42', null);
INSERT INTO sys_menu (menu_id, menu_name, parent_id, order_num, path, component, is_frame, is_cache, menu_type, visible, status, perms, icon, create_by, create_name, create_date, update_by, update_name, update_date, remark) VALUES ('358235749767843861', '菜单管理', '358235749767843855', 3, 'menu', '/system/menu', 0, 0, 'menu', 0, 0, 'sys:menu:list', 'tree-table', 'admin', '系统管理员', '2023-03-29 16:57:00', 'admin', '系统管理员', '2023-07-14 15:10:38', null);
INSERT INTO sys_menu (menu_id, menu_name, parent_id, order_num, path, component, is_frame, is_cache, menu_type, visible, status, perms, icon, create_by, create_name, create_date, update_by, update_name, update_date, remark) VALUES ('358235749767843862', '角色管理', '358235749767843855', 1, 'role', '/system/role', 0, null, 'menu', 0, 0, 'sys:role:list', 'peoples', 'admin', '系统管理员', '2023-05-10 10:23:31', 'admin', '系统管理员', '2023-07-14 15:10:17', null);
INSERT INTO sys_menu (menu_id, menu_name, parent_id, order_num, path, component, is_frame, is_cache, menu_type, visible, status, perms, icon, create_by, create_name, create_date, update_by, update_name, update_date, remark) VALUES ('358235749767843863', '删除字典', '358235749767843867', 3, null, null, 0, null, 'button', 0, 0, 'sys:dict:delete', null, 'admin', '系统管理员', '2023-06-20 16:11:58', 'admin', '系统管理员', '2023-06-20 17:57:41', null);
INSERT INTO sys_menu (menu_id, menu_name, parent_id, order_num, path, component, is_frame, is_cache, menu_type, visible, status, perms, icon, create_by, create_name, create_date, update_by, update_name, update_date, remark) VALUES ('358235749767843865', '添加部门', '358235749767843848', 1, null, null, 0, null, 'button', 0, 0, 'sys:dept:add', null, 'admin', '系统管理员', '2023-05-25 17:18:04', 'admin', '系统管理员', '2023-05-25 17:19:16', null);
INSERT INTO sys_menu (menu_id, menu_name, parent_id, order_num, path, component, is_frame, is_cache, menu_type, visible, status, perms, icon, create_by, create_name, create_date, update_by, update_name, update_date, remark) VALUES ('358235749767843866', '查询系统配置', '358235749767843847', 0, null, null, 0, null, 'button', 0, 0, 'sys:config:search', null, 'admin', '系统管理员', '2023-07-06 14:36:37', 'admin', '系统管理员', '2023-07-06 14:36:37', null);
INSERT INTO sys_menu (menu_id, menu_name, parent_id, order_num, path, component, is_frame, is_cache, menu_type, visible, status, perms, icon, create_by, create_name, create_date, update_by, update_name, update_date, remark) VALUES ('358235749767843867', '字典管理', '358235749767843855', 4, 'dict', '/system/dict', 0, null, 'menu', 0, 0, 'sys:dict:list', 'dict', 'admin', '系统管理员', '2023-06-20 16:09:42', 'admin', '系统管理员', '2023-07-14 15:10:43', null);
INSERT INTO sys_menu (menu_id, menu_name, parent_id, order_num, path, component, is_frame, is_cache, menu_type, visible, status, perms, icon, create_by, create_name, create_date, update_by, update_name, update_date, remark) VALUES ('358235749767843868', '查询部门', '358235749767843848', 0, null, null, 0, null, 'button', 0, 0, 'sys:dept:search', null, 'admin', '系统管理员', '2023-05-25 17:17:36', 'admin', '系统管理员', '2023-05-25 17:17:36', null);
INSERT INTO sys_menu (menu_id, menu_name, parent_id, order_num, path, component, is_frame, is_cache, menu_type, visible, status, perms, icon, create_by, create_name, create_date, update_by, update_name, update_date, remark) VALUES ('358235749767843869', '查询字典', '358235749767843867', 0, null, null, 0, null, 'button', 0, 0, 'sys:dict:search', null, 'admin', '系统管理员', '2023-06-20 16:10:09', 'admin', '系统管理员', '2023-06-20 16:11:14', null);
INSERT INTO sys_menu (menu_id, menu_name, parent_id, order_num, path, component, is_frame, is_cache, menu_type, visible, status, perms, icon, create_by, create_name, create_date, update_by, update_name, update_date, remark) VALUES ('358235749767843870', '删除菜单', '358235749767843861', 3, null, null, 0, null, 'button', 0, 0, 'sys:menu:delete', null, 'admin', '系统管理员', '2023-05-25 15:58:35', 'admin', '系统管理员', '2023-05-25 15:59:51', null);
INSERT INTO sys_menu (menu_id, menu_name, parent_id, order_num, path, component, is_frame, is_cache, menu_type, visible, status, perms, icon, create_by, create_name, create_date, update_by, update_name, update_date, remark) VALUES ('358235749767843871', '查询角色', '358235749767843862', 0, null, null, 0, null, 'button', 0, 0, 'sys:role:search', null, 'admin', '系统管理员', '2023-05-23 10:56:05', 'admin', '系统管理员', '2023-05-23 11:02:03', null);
INSERT INTO sys_menu (menu_id, menu_name, parent_id, order_num, path, component, is_frame, is_cache, menu_type, visible, status, perms, icon, create_by, create_name, create_date, update_by, update_name, update_date, remark) VALUES ('358235749767843872', '添加菜单', '358235749767843861', 1, null, null, 0, null, 'button', 0, 0, 'sys:menu:add', null, 'admin', '系统管理员', '2023-05-25 15:57:45', 'admin', '系统管理员', '2023-05-25 15:57:45', null);
INSERT INTO sys_menu (menu_id, menu_name, parent_id, order_num, path, component, is_frame, is_cache, menu_type, visible, status, perms, icon, create_by, create_name, create_date, update_by, update_name, update_date, remark) VALUES ('358235749767843873', '添加角色', '358235749767843862', 1, null, null, 0, null, 'button', 0, 0, 'sys:role:add', null, 'admin', '系统管理员', '2023-05-23 10:59:23', 'admin', '系统管理员', '2023-05-23 11:01:20', null);
##关联表
INSERT INTO sys_user_role (id, user_id, role_id) VALUES ('358237907749834756', '358235749751066624', '358235749763649536');

INSERT INTO sys_role_menu (id, role_id, menu_id) VALUES ('358237907749834757', '358235749763649536', '358235749767843867');
INSERT INTO sys_role_menu (id, role_id, menu_id) VALUES ('358237907749834758', '358235749763649536', '358235749767843846');
INSERT INTO sys_role_menu (id, role_id, menu_id) VALUES ('358237907749834759', '358235749763649536', '358235749767843857');
INSERT INTO sys_role_menu (id, role_id, menu_id) VALUES ('358237907749834760', '358235749763649536', '358235749763649539');
INSERT INTO sys_role_menu (id, role_id, menu_id) VALUES ('358237907749834761', '358235749763649536', '358235749767843861');
INSERT INTO sys_role_menu (id, role_id, menu_id) VALUES ('358237907749834762', '358235749763649536', '358235749767843870');
INSERT INTO sys_role_menu (id, role_id, menu_id) VALUES ('358237907749834763', '358235749763649536', '358235749763649540');
INSERT INTO sys_role_menu (id, role_id, menu_id) VALUES ('358237907749834764', '358235749763649536', '358235749767843859');
INSERT INTO sys_role_menu (id, role_id, menu_id) VALUES ('358237907749834765', '358235749763649536', '358235749767843863');
INSERT INTO sys_role_menu (id, role_id, menu_id) VALUES ('358237907749834766', '358235749763649536', '358235749767843856');
INSERT INTO sys_role_menu (id, role_id, menu_id) VALUES ('358237907749834767', '358235749763649536', '358235749767843858');
INSERT INTO sys_role_menu (id, role_id, menu_id) VALUES ('358237907749834768', '358235749763649536', '358235749767843847');
INSERT INTO sys_role_menu (id, role_id, menu_id) VALUES ('358237907749834769', '358235749763649536', '358235749767843849');
INSERT INTO sys_role_menu (id, role_id, menu_id) VALUES ('358237907749834770', '358235749763649536', '358235749763649538');
INSERT INTO sys_role_menu (id, role_id, menu_id) VALUES ('358237907749834771', '358235749763649536', '358235749767843848');
INSERT INTO sys_role_menu (id, role_id, menu_id) VALUES ('358237907749834772', '358235749763649536', '358235749767843869');
INSERT INTO sys_role_menu (id, role_id, menu_id) VALUES ('358237907749834773', '358235749763649536', '358235749767843872');
INSERT INTO sys_role_menu (id, role_id, menu_id) VALUES ('358237907749834774', '358235749763649536', '358235749767843865');
INSERT INTO sys_role_menu (id, role_id, menu_id) VALUES ('358237907749834775', '358235749763649536', '358235749763649537');
INSERT INTO sys_role_menu (id, role_id, menu_id) VALUES ('358237907749834776', '358235749763649536', '358235749767843860');
INSERT INTO sys_role_menu (id, role_id, menu_id) VALUES ('358237907749834777', '358235749763649536', '358235749767843873');
INSERT INTO sys_role_menu (id, role_id, menu_id) VALUES ('358237907749834778', '358235749763649536', '358235749767843868');
INSERT INTO sys_role_menu (id, role_id, menu_id) VALUES ('358237907749834779', '358235749763649536', '358235749767843866');
INSERT INTO sys_role_menu (id, role_id, menu_id) VALUES ('358237907749834780', '358235749763649536', '358235749767843853');
INSERT INTO sys_role_menu (id, role_id, menu_id) VALUES ('358237907749834781', '358235749763649536', '358235749767843862');
INSERT INTO sys_role_menu (id, role_id, menu_id) VALUES ('358237907749834782', '358235749763649536', '358235749767843852');
INSERT INTO sys_role_menu (id, role_id, menu_id) VALUES ('358237907749834783', '358235749763649536', '358235749767843850');
INSERT INTO sys_role_menu (id, role_id, menu_id) VALUES ('358237907749834784', '358235749763649536', '358235749763649541');
INSERT INTO sys_role_menu (id, role_id, menu_id) VALUES ('358237907749834785', '358235749763649536', '358235749767843854');
INSERT INTO sys_role_menu (id, role_id, menu_id) VALUES ('358237907749834786', '358235749763649536', '358235749767843871');
INSERT INTO sys_role_menu (id, role_id, menu_id) VALUES ('358237907749834787', '358235749763649536', '358235749767843855');
INSERT INTO sys_role_menu (id, role_id, menu_id) VALUES ('358237907749834788', '358235749763649536', '358235749767843851');

##字典
INSERT INTO sys_dict_type (dict_id, dict_name, dict_type, order_num, status, note, create_by, create_name, create_date, update_by, update_name, update_date) VALUES ('358235749767843874', '状态', 'enable_type', null, 0, '系统默认状态', 'admin', '系统管理员', '2023-06-26 10:39:33', 'admin', '系统管理员', '2023-06-26 16:08:28');
INSERT INTO sys_dict_type (dict_id, dict_name, dict_type, order_num, status, note, create_by, create_name, create_date, update_by, update_name, update_date) VALUES ('358235749767843875', '性别', 'sex_type', null, 0, null, 'admin', '系统管理员', '2023-04-20 10:20:13', 'admin', '系统管理员', '2023-06-26 15:55:11');
INSERT INTO sys_dict_type (dict_id, dict_name, dict_type, order_num, status, note, create_by, create_name, create_date, update_by, update_name, update_date) VALUES ('358235749767843876', '是否', 'yes_no_type', null, 0, null, 'admin', '系统管理员', '2023-05-08 15:12:33', 'admin', '系统管理员', '2023-06-26 15:55:15');
INSERT INTO sys_dict_type (dict_id, dict_name, dict_type, order_num, status, note, create_by, create_name, create_date, update_by, update_name, update_date) VALUES ('358235749767843877', '显示状态', 'visible_type', null, 0, '显示情况', 'admin', '系统管理员', '2023-04-20 10:20:13', 'admin', '系统管理员', '2023-06-26 16:08:47');

INSERT INTO sys_dict_data (dict_code, dict_label, dict_value, dict_type, order_num, status, note, create_by, create_name, create_date, update_by, update_name, update_date) VALUES ('358235749767843878', '正常', '0', 'enable_type', 0, 0, null, 'admin', '系统管理员', '2023-04-20 10:20:44', null, null, null);
INSERT INTO sys_dict_data (dict_code, dict_label, dict_value, dict_type, order_num, status, note, create_by, create_name, create_date, update_by, update_name, update_date) VALUES ('358235749767843879', '隐藏', '1', 'visible_type', 1, 0, null, 'admin', '系统管理员', '2023-06-26 16:01:35', 'admin', '系统管理员', '2023-06-26 16:01:35');
INSERT INTO sys_dict_data (dict_code, dict_label, dict_value, dict_type, order_num, status, note, create_by, create_name, create_date, update_by, update_name, update_date) VALUES ('358235749767843880', '男', '0', 'sex_type', 0, 0, null, 'admin', '系统管理员', '2023-05-08 15:15:53', null, null, null);
INSERT INTO sys_dict_data (dict_code, dict_label, dict_value, dict_type, order_num, status, note, create_by, create_name, create_date, update_by, update_name, update_date) VALUES ('358235749767843882', '女', '1', 'sex_type', 1, 0, null, 'admin', '系统管理员', '2023-05-10 15:09:41', null, null, null);
INSERT INTO sys_dict_data (dict_code, dict_label, dict_value, dict_type, order_num, status, note, create_by, create_name, create_date, update_by, update_name, update_date) VALUES ('358235749767843881', '显示', '0', 'visible_type', 0, 0, null, 'admin', '系统管理员', '2023-06-26 16:01:43', 'admin', '系统管理员', '2023-06-26 16:01:43');
INSERT INTO sys_dict_data (dict_code, dict_label, dict_value, dict_type, order_num, status, note, create_by, create_name, create_date, update_by, update_name, update_date) VALUES ('358235749767843883', '停用', '1', 'enable_type', 1, 0, null, 'admin', '系统管理员', '2023-04-20 10:20:44', null, null, null);
INSERT INTO sys_dict_data (dict_code, dict_label, dict_value, dict_type, order_num, status, note, create_by, create_name, create_date, update_by, update_name, update_date) VALUES ('358235749767843884', '是', '1', 'yes_no_type', 1, 0, null, 'admin', '系统管理员', '2023-04-20 10:20:44', 'admin', '系统管理员', '2023-06-26 16:09:06');
INSERT INTO sys_dict_data (dict_code, dict_label, dict_value, dict_type, order_num, status, note, create_by, create_name, create_date, update_by, update_name, update_date) VALUES ('358235749767843885', '否', '0', 'yes_no_type', 0, 0, null, 'admin', '系统管理员', '2023-04-20 10:20:44', 'admin', '系统管理员', '2023-06-26 16:09:11');
