##用户
INSERT INTO sys_user (user_id, username, password, nickname, birthday, sex, certificate_type, certificate_num, mobile_number, phone_number, email, fax, avatar, status, del_flag, login_ip, login_date, create_by, create_name, create_date, update_by, update_name, update_date, remark) VALUES ('47d3a7e3ee8e4a948cda2df0408aee51', 'admin', '$2a$10$biko8nSvR7lbHn83x95dpelBEB8HTp5ycKg6wP72BtQgzSewGzQFK', '系统管理员', null, null, null, null, null, null, null, null, null, 0, 0, '127.0.0.1', '2023-09-16 02:08:20', null, null, null, 'admin', '系统管理员', '2023-05-26 17:53:34', null);
##角色
INSERT INTO sys_role (role_id, role_name, role_key, order_num, menu_check_strictly, dept_check_strictly, status, del_flag, create_by, create_name, create_date, update_by, update_name, update_date, remark) VALUES ('a79d3ef8dd7e4330b7a0734bba2a3c92', '管理员', 'admin', 0, 1, null, 0, 0, null, null, null, 'admin', '系统管理员', '2023-07-19 15:29:08', null);
##菜单
INSERT INTO sys_menu (menu_id, menu_name, parent_id, order_num, path, component, is_frame, is_cache, menu_type, visible, status, perms, icon, create_by, create_name, create_date, update_by, update_name, update_date, remark) VALUES ('00f47007b13a426cb7245c71b8838b0e', '编辑菜单', '8ac81ac811cd49049ec56798b18d1621', 2, null, null, 0, null, 'button', 0, 0, 'sys:menu:edit', null, 'admin', '系统管理员', '2023-05-25 15:58:08', 'admin', '系统管理员', '2023-05-25 15:58:08', null);
INSERT INTO sys_menu (menu_id, menu_name, parent_id, order_num, path, component, is_frame, is_cache, menu_type, visible, status, perms, icon, create_by, create_name, create_date, update_by, update_name, update_date, remark) VALUES ('07c56810f69d48f293cbb7d33039d724', '删除部门', '41aab4284f9b410e8a4d5541a79e5fa4', 3, null, null, 0, null, 'button', 0, 0, 'sys:dept:delete', null, 'admin', '系统管理员', '2023-05-25 17:19:02', 'admin', '系统管理员', '2023-05-25 17:19:02', null);
INSERT INTO sys_menu (menu_id, menu_name, parent_id, order_num, path, component, is_frame, is_cache, menu_type, visible, status, perms, icon, create_by, create_name, create_date, update_by, update_name, update_date, remark) VALUES ('0e359a04d7d04134aaff0c0f53052d7c', '编辑用户', '81024441e56e4e1ab5923d05f3a1bdef', 2, null, null, 0, null, 'button', 0, 0, 'sys:user:edit', null, 'admin', '系统管理员', '2023-05-22 18:12:55', 'admin', '系统管理员', '2023-05-22 18:13:05', null);
INSERT INTO sys_menu (menu_id, menu_name, parent_id, order_num, path, component, is_frame, is_cache, menu_type, visible, status, perms, icon, create_by, create_name, create_date, update_by, update_name, update_date, remark) VALUES ('112d4bf307ed46a9958f1561b61fd136', '添加字典', '9f8584c7e442443192a148693b037239', 1, null, null, 0, null, 'button', 0, 0, 'sys:dict:add', null, 'admin', '系统管理员', '2023-06-20 16:11:05', 'admin', '系统管理员', '2023-06-20 16:11:05', null);
INSERT INTO sys_menu (menu_id, menu_name, parent_id, order_num, path, component, is_frame, is_cache, menu_type, visible, status, perms, icon, create_by, create_name, create_date, update_by, update_name, update_date, remark) VALUES ('1907e735d30147f1a18382d943bfa551', '添加系统配置', '33ad23d2e01e4365ad30b89fa72915c3', 1, null, null, 0, null, 'button', 0, 0, 'sys:config:add', null, 'admin', '系统管理员', '2023-07-06 14:37:00', 'admin', '系统管理员', '2023-07-06 14:37:00', null);
INSERT INTO sys_menu (menu_id, menu_name, parent_id, order_num, path, component, is_frame, is_cache, menu_type, visible, status, perms, icon, create_by, create_name, create_date, update_by, update_name, update_date, remark) VALUES ('32f905a92ab648b6be39ca6c2ef7c586', '查询用户', '81024441e56e4e1ab5923d05f3a1bdef', 0, null, null, 0, null, 'button', 0, 0, 'sys:user:search', null, 'admin', '系统管理员', '2023-05-22 15:52:55', 'admin', '系统管理员', '2023-05-22 15:53:33', null);
INSERT INTO sys_menu (menu_id, menu_name, parent_id, order_num, path, component, is_frame, is_cache, menu_type, visible, status, perms, icon, create_by, create_name, create_date, update_by, update_name, update_date, remark) VALUES ('33ad23d2e01e4365ad30b89fa72915c3', '系统配置管理', '6e329f52f6894efd904ac7eaebfaf7f4', 5, 'config', '/system/config', 0, null, 'menu', 0, 0, 'sys:config:list', 'monitor', 'admin', '系统管理员', '2023-07-06 14:34:41', 'admin', '系统管理员', '2023-07-14 15:10:51', null);
INSERT INTO sys_menu (menu_id, menu_name, parent_id, order_num, path, component, is_frame, is_cache, menu_type, visible, status, perms, icon, create_by, create_name, create_date, update_by, update_name, update_date, remark) VALUES ('41aab4284f9b410e8a4d5541a79e5fa4', '部门管理', '6e329f52f6894efd904ac7eaebfaf7f4', 2, 'dept', '/system/dept', 0, null, 'menu', 0, 0, 'sys:dept:list', 'nested', 'admin', '系统管理员', '2023-05-09 17:42:40', 'admin', '系统管理员', '2023-07-14 15:10:33', null);
INSERT INTO sys_menu (menu_id, menu_name, parent_id, order_num, path, component, is_frame, is_cache, menu_type, visible, status, perms, icon, create_by, create_name, create_date, update_by, update_name, update_date, remark) VALUES ('480cc8be86634d3ea4ab1df64f15bca1', '删除角色', '9442f0aadeb643cc98653ba17bd981aa', 3, null, null, 0, null, 'button', 0, 0, 'sys:role:delete', null, 'admin', '系统管理员', '2023-05-23 11:01:43', 'admin', '系统管理员', '2023-05-23 11:02:09', null);
INSERT INTO sys_menu (menu_id, menu_name, parent_id, order_num, path, component, is_frame, is_cache, menu_type, visible, status, perms, icon, create_by, create_name, create_date, update_by, update_name, update_date, remark) VALUES ('4cb68585af2c4a5f82ea793a22ae86b9', '分配角色', '9442f0aadeb643cc98653ba17bd981aa', 4, null, null, 0, null, 'button', 0, 0, 'sys:role:auth', null, 'admin', '系统管理员', '2023-05-23 11:02:41', 'admin', '系统管理员', '2023-05-25 15:54:45', null);
INSERT INTO sys_menu (menu_id, menu_name, parent_id, order_num, path, component, is_frame, is_cache, menu_type, visible, status, perms, icon, create_by, create_name, create_date, update_by, update_name, update_date, remark) VALUES ('4f9b6bb6220f40c09604bf468258118f', '删除用户', '81024441e56e4e1ab5923d05f3a1bdef', 3, null, null, 0, null, 'button', 0, 0, 'sys:user:delete', null, 'admin', '系统管理员', '2023-05-22 18:14:21', 'admin', '系统管理员', '2023-05-22 18:14:21', null);
INSERT INTO sys_menu (menu_id, menu_name, parent_id, order_num, path, component, is_frame, is_cache, menu_type, visible, status, perms, icon, create_by, create_name, create_date, update_by, update_name, update_date, remark) VALUES ('55a34ca354d24662bee99ea7373cbdb3', '删除系统配置', '33ad23d2e01e4365ad30b89fa72915c3', 3, null, null, 0, null, 'button', 0, 0, 'sys:config:delete', null, 'admin', '系统管理员', '2023-07-06 14:38:12', 'admin', '系统管理员', '2023-07-06 14:38:12', null);
INSERT INTO sys_menu (menu_id, menu_name, parent_id, order_num, path, component, is_frame, is_cache, menu_type, visible, status, perms, icon, create_by, create_name, create_date, update_by, update_name, update_date, remark) VALUES ('5f35b5ad487d426db0f44cd955e7c91e', '编辑角色', '9442f0aadeb643cc98653ba17bd981aa', 2, null, null, 0, null, 'button', 0, 0, 'sys:role:edit', null, 'admin', '系统管理员', '2023-05-23 11:01:12', 'admin', '系统管理员', '2023-05-23 11:01:12', null);
INSERT INTO sys_menu (menu_id, menu_name, parent_id, order_num, path, component, is_frame, is_cache, menu_type, visible, status, perms, icon, create_by, create_name, create_date, update_by, update_name, update_date, remark) VALUES ('64fb4ffab8fa49b39ce70f255108cb41', '查询菜单', '8ac81ac811cd49049ec56798b18d1621', 0, null, null, 0, null, 'button', 0, 0, 'sys:menu:search', null, 'admin', '系统管理员', '2023-05-25 15:55:26', 'admin', '系统管理员', '2023-05-25 15:55:26', null);
INSERT INTO sys_menu (menu_id, menu_name, parent_id, order_num, path, component, is_frame, is_cache, menu_type, visible, status, perms, icon, create_by, create_name, create_date, update_by, update_name, update_date, remark) VALUES ('6e329f52f6894efd904ac7eaebfaf7f4', '系统管理', null, 0, 'system', null, 0, 0, 'catalogue', 0, 0, 'sys:list', 'system', 'admin', '系统管理员', '2023-04-03 16:48:42', 'admin', '系统管理员', '2023-07-19 10:25:31', null);
INSERT INTO sys_menu (menu_id, menu_name, parent_id, order_num, path, component, is_frame, is_cache, menu_type, visible, status, perms, icon, create_by, create_name, create_date, update_by, update_name, update_date, remark) VALUES ('758e731fe8204ca3bb7ed1279a45a9a9', '编辑部门', '41aab4284f9b410e8a4d5541a79e5fa4', 2, null, null, 0, null, 'button', 0, 0, 'sys:dept:edit', null, 'admin', '系统管理员', '2023-05-25 17:18:30', 'admin', '系统管理员', '2023-05-25 17:19:10', null);
INSERT INTO sys_menu (menu_id, menu_name, parent_id, order_num, path, component, is_frame, is_cache, menu_type, visible, status, perms, icon, create_by, create_name, create_date, update_by, update_name, update_date, remark) VALUES ('75d3a95c59d4465bb0d53156d800c88b', '添加用户', '81024441e56e4e1ab5923d05f3a1bdef', 1, null, null, 0, null, 'button', 0, 0, 'sys:user:add', null, 'admin', '系统管理员', '2023-05-22 18:12:08', 'admin', '系统管理员', '2023-05-22 18:12:08', null);
INSERT INTO sys_menu (menu_id, menu_name, parent_id, order_num, path, component, is_frame, is_cache, menu_type, visible, status, perms, icon, create_by, create_name, create_date, update_by, update_name, update_date, remark) VALUES ('81024441e56e4e1ab5923d05f3a1bdef', '用户管理', '6e329f52f6894efd904ac7eaebfaf7f4', 0, 'user', '/system/user', 0, 0, 'menu', 0, 0, 'sys:user:list', 'user', 'admin', '系统管理员', '2023-04-03 17:15:24', 'admin', '系统管理员', '2023-07-17 12:00:16', null);
INSERT INTO sys_menu (menu_id, menu_name, parent_id, order_num, path, component, is_frame, is_cache, menu_type, visible, status, perms, icon, create_by, create_name, create_date, update_by, update_name, update_date, remark) VALUES ('8374d32e43fd4e15acaf564507d7c065', '编辑字典', '9f8584c7e442443192a148693b037239', 2, null, null, 0, null, 'button', 0, 0, 'sys:dict:edit', null, 'admin', '系统管理员', '2023-06-20 16:11:35', 'admin', '系统管理员', '2023-06-20 17:57:36', null);
INSERT INTO sys_menu (menu_id, menu_name, parent_id, order_num, path, component, is_frame, is_cache, menu_type, visible, status, perms, icon, create_by, create_name, create_date, update_by, update_name, update_date, remark) VALUES ('83ceabd189ac4655a9f13f338890ec08', '编辑系统配置', '33ad23d2e01e4365ad30b89fa72915c3', 2, null, null, 0, null, 'button', 0, 0, 'sys:config:edit', null, 'admin', '系统管理员', '2023-07-06 14:37:37', 'admin', '系统管理员', '2023-07-06 14:37:42', null);
INSERT INTO sys_menu (menu_id, menu_name, parent_id, order_num, path, component, is_frame, is_cache, menu_type, visible, status, perms, icon, create_by, create_name, create_date, update_by, update_name, update_date, remark) VALUES ('8ac81ac811cd49049ec56798b18d1621', '菜单管理', '6e329f52f6894efd904ac7eaebfaf7f4', 3, 'menu', '/system/menu', 0, 0, 'menu', 0, 0, 'sys:menu:list', 'tree-table', 'admin', '系统管理员', '2023-03-29 16:57:00', 'admin', '系统管理员', '2023-07-14 15:10:38', null);
INSERT INTO sys_menu (menu_id, menu_name, parent_id, order_num, path, component, is_frame, is_cache, menu_type, visible, status, perms, icon, create_by, create_name, create_date, update_by, update_name, update_date, remark) VALUES ('9442f0aadeb643cc98653ba17bd981aa', '角色管理', '6e329f52f6894efd904ac7eaebfaf7f4', 1, 'role', '/system/role', 0, null, 'menu', 0, 0, 'sys:role:list', 'peoples', 'admin', '系统管理员', '2023-05-10 10:23:31', 'admin', '系统管理员', '2023-07-14 15:10:17', null);
INSERT INTO sys_menu (menu_id, menu_name, parent_id, order_num, path, component, is_frame, is_cache, menu_type, visible, status, perms, icon, create_by, create_name, create_date, update_by, update_name, update_date, remark) VALUES ('959fe90ce04340cf82a6125620b90bac', '删除字典', '9f8584c7e442443192a148693b037239', 3, null, null, 0, null, 'button', 0, 0, 'sys:dict:delete', null, 'admin', '系统管理员', '2023-06-20 16:11:58', 'admin', '系统管理员', '2023-06-20 17:57:41', null);
INSERT INTO sys_menu (menu_id, menu_name, parent_id, order_num, path, component, is_frame, is_cache, menu_type, visible, status, perms, icon, create_by, create_name, create_date, update_by, update_name, update_date, remark) VALUES ('965b1e5e45c044baa102b82741a9d184', '添加部门', '41aab4284f9b410e8a4d5541a79e5fa4', 1, null, null, 0, null, 'button', 0, 0, 'sys:dept:add', null, 'admin', '系统管理员', '2023-05-25 17:18:04', 'admin', '系统管理员', '2023-05-25 17:19:16', null);
INSERT INTO sys_menu (menu_id, menu_name, parent_id, order_num, path, component, is_frame, is_cache, menu_type, visible, status, perms, icon, create_by, create_name, create_date, update_by, update_name, update_date, remark) VALUES ('98bcbb615f5a41d3b7011f8a7a82df2e', '查询系统配置', '33ad23d2e01e4365ad30b89fa72915c3', 0, null, null, 0, null, 'button', 0, 0, 'sys:config:search', null, 'admin', '系统管理员', '2023-07-06 14:36:37', 'admin', '系统管理员', '2023-07-06 14:36:37', null);
INSERT INTO sys_menu (menu_id, menu_name, parent_id, order_num, path, component, is_frame, is_cache, menu_type, visible, status, perms, icon, create_by, create_name, create_date, update_by, update_name, update_date, remark) VALUES ('9f8584c7e442443192a148693b037239', '字典管理', '6e329f52f6894efd904ac7eaebfaf7f4', 4, 'dict', '/system/dict', 0, null, 'menu', 0, 0, 'sys:dict:list', 'dict', 'admin', '系统管理员', '2023-06-20 16:09:42', 'admin', '系统管理员', '2023-07-14 15:10:43', null);
INSERT INTO sys_menu (menu_id, menu_name, parent_id, order_num, path, component, is_frame, is_cache, menu_type, visible, status, perms, icon, create_by, create_name, create_date, update_by, update_name, update_date, remark) VALUES ('a548129b2e7e43659c8a5b2333527093', '查询部门', '41aab4284f9b410e8a4d5541a79e5fa4', 0, null, null, 0, null, 'button', 0, 0, 'sys:dept:search', null, 'admin', '系统管理员', '2023-05-25 17:17:36', 'admin', '系统管理员', '2023-05-25 17:17:36', null);
INSERT INTO sys_menu (menu_id, menu_name, parent_id, order_num, path, component, is_frame, is_cache, menu_type, visible, status, perms, icon, create_by, create_name, create_date, update_by, update_name, update_date, remark) VALUES ('a97c7fd7dae04943a85e9f033ff0d67e', '查询字典', '9f8584c7e442443192a148693b037239', 0, null, null, 0, null, 'button', 0, 0, 'sys:dict:search', null, 'admin', '系统管理员', '2023-06-20 16:10:09', 'admin', '系统管理员', '2023-06-20 16:11:14', null);
INSERT INTO sys_menu (menu_id, menu_name, parent_id, order_num, path, component, is_frame, is_cache, menu_type, visible, status, perms, icon, create_by, create_name, create_date, update_by, update_name, update_date, remark) VALUES ('ac57427db77a41289f1f4188a1dff061', '删除菜单', '8ac81ac811cd49049ec56798b18d1621', 3, null, null, 0, null, 'button', 0, 0, 'sys:menu:delete', null, 'admin', '系统管理员', '2023-05-25 15:58:35', 'admin', '系统管理员', '2023-05-25 15:59:51', null);
INSERT INTO sys_menu (menu_id, menu_name, parent_id, order_num, path, component, is_frame, is_cache, menu_type, visible, status, perms, icon, create_by, create_name, create_date, update_by, update_name, update_date, remark) VALUES ('e3ab300903db4bf6b12681dbf87eff1e', '查询角色', '9442f0aadeb643cc98653ba17bd981aa', 0, null, null, 0, null, 'button', 0, 0, 'sys:role:search', null, 'admin', '系统管理员', '2023-05-23 10:56:05', 'admin', '系统管理员', '2023-05-23 11:02:03', null);
INSERT INTO sys_menu (menu_id, menu_name, parent_id, order_num, path, component, is_frame, is_cache, menu_type, visible, status, perms, icon, create_by, create_name, create_date, update_by, update_name, update_date, remark) VALUES ('f6da5408e56047cdb2cff77bdbdc546c', '添加菜单', '8ac81ac811cd49049ec56798b18d1621', 1, null, null, 0, null, 'button', 0, 0, 'sys:menu:add', null, 'admin', '系统管理员', '2023-05-25 15:57:45', 'admin', '系统管理员', '2023-05-25 15:57:45', null);
INSERT INTO sys_menu (menu_id, menu_name, parent_id, order_num, path, component, is_frame, is_cache, menu_type, visible, status, perms, icon, create_by, create_name, create_date, update_by, update_name, update_date, remark) VALUES ('f83a728b2e1b4ca0a0913758c52b787f', '添加角色', '9442f0aadeb643cc98653ba17bd981aa', 1, null, null, 0, null, 'button', 0, 0, 'sys:role:add', null, 'admin', '系统管理员', '2023-05-23 10:59:23', 'admin', '系统管理员', '2023-05-23 11:01:20', null);
##关联表
INSERT INTO sys_user_role (id, user_id, role_id) VALUES ('2d0d701ec8ee432ca004ec6d8a182f50', '47d3a7e3ee8e4a948cda2df0408aee51', 'a79d3ef8dd7e4330b7a0734bba2a3c92');

INSERT INTO sys_role_menu (id, role_id, menu_id) VALUES ('07acccee63664249b04378c8fc2f62b2', 'a79d3ef8dd7e4330b7a0734bba2a3c92', '9f8584c7e442443192a148693b037239');
INSERT INTO sys_role_menu (id, role_id, menu_id) VALUES ('0ac9a7814d3242039d5765e1fbac611b', 'a79d3ef8dd7e4330b7a0734bba2a3c92', '32f905a92ab648b6be39ca6c2ef7c586');
INSERT INTO sys_role_menu (id, role_id, menu_id) VALUES ('118ed1a6b839473398d632a3f3d99581', 'a79d3ef8dd7e4330b7a0734bba2a3c92', '75d3a95c59d4465bb0d53156d800c88b');
INSERT INTO sys_role_menu (id, role_id, menu_id) VALUES ('1ed4511542b54cf09ff067b18b65b3f9', 'a79d3ef8dd7e4330b7a0734bba2a3c92', '0e359a04d7d04134aaff0c0f53052d7c');
INSERT INTO sys_role_menu (id, role_id, menu_id) VALUES ('2604d588f009461298b823167af95123', 'a79d3ef8dd7e4330b7a0734bba2a3c92', '8ac81ac811cd49049ec56798b18d1621');
INSERT INTO sys_role_menu (id, role_id, menu_id) VALUES ('29343a4b1c7346a9afc3cb5d0d61e31f', 'a79d3ef8dd7e4330b7a0734bba2a3c92', 'ac57427db77a41289f1f4188a1dff061');
INSERT INTO sys_role_menu (id, role_id, menu_id) VALUES ('2dfa5d3ebb5a4196a45b5b7be1b5ad17', 'a79d3ef8dd7e4330b7a0734bba2a3c92', '8592154c6b5f4f86a7e2018e9a545167');
INSERT INTO sys_role_menu (id, role_id, menu_id) VALUES ('387f97d467594407a72b27dde1797468', 'a79d3ef8dd7e4330b7a0734bba2a3c92', '112d4bf307ed46a9958f1561b61fd136');
INSERT INTO sys_role_menu (id, role_id, menu_id) VALUES ('391daf21615d4b0d81a3104e97ee607c', 'a79d3ef8dd7e4330b7a0734bba2a3c92', '8374d32e43fd4e15acaf564507d7c065');
INSERT INTO sys_role_menu (id, role_id, menu_id) VALUES ('3d7332fa77f94d65bed5d1183b5decac', 'a79d3ef8dd7e4330b7a0734bba2a3c92', '959fe90ce04340cf82a6125620b90bac');
INSERT INTO sys_role_menu (id, role_id, menu_id) VALUES ('44dc0b47a13d43a0815fdd363bc3a006', 'a79d3ef8dd7e4330b7a0734bba2a3c92', '758e731fe8204ca3bb7ed1279a45a9a9');
INSERT INTO sys_role_menu (id, role_id, menu_id) VALUES ('46a9be627689441bbe2e4e45b7304921', 'a79d3ef8dd7e4330b7a0734bba2a3c92', '81024441e56e4e1ab5923d05f3a1bdef');
INSERT INTO sys_role_menu (id, role_id, menu_id) VALUES ('49bdfbf48a964763981ea3f95302e014', 'a79d3ef8dd7e4330b7a0734bba2a3c92', '33ad23d2e01e4365ad30b89fa72915c3');
INSERT INTO sys_role_menu (id, role_id, menu_id) VALUES ('4c18916038f244b99c6add34e977b734', 'a79d3ef8dd7e4330b7a0734bba2a3c92', '480cc8be86634d3ea4ab1df64f15bca1');
INSERT INTO sys_role_menu (id, role_id, menu_id) VALUES ('4c4e744febfe4938899cf8fb5788e3fd', 'a79d3ef8dd7e4330b7a0734bba2a3c92', '07c56810f69d48f293cbb7d33039d724');
INSERT INTO sys_role_menu (id, role_id, menu_id) VALUES ('6d480f473f8a4273a57ad3ccffd14b08', 'a79d3ef8dd7e4330b7a0734bba2a3c92', '41aab4284f9b410e8a4d5541a79e5fa4');
INSERT INTO sys_role_menu (id, role_id, menu_id) VALUES ('6ea32219a0284fee8c5d82ea72cb61f9', 'a79d3ef8dd7e4330b7a0734bba2a3c92', 'a97c7fd7dae04943a85e9f033ff0d67e');
INSERT INTO sys_role_menu (id, role_id, menu_id) VALUES ('72c06105d6bc4f03b4d8d32e8d9a28b5', 'a79d3ef8dd7e4330b7a0734bba2a3c92', 'f6da5408e56047cdb2cff77bdbdc546c');
INSERT INTO sys_role_menu (id, role_id, menu_id) VALUES ('84108c52d1a8437e9306fe933f3f1221', 'a79d3ef8dd7e4330b7a0734bba2a3c92', '965b1e5e45c044baa102b82741a9d184');
INSERT INTO sys_role_menu (id, role_id, menu_id) VALUES ('90a0fd73581545da8734d65a60c38ac6', 'a79d3ef8dd7e4330b7a0734bba2a3c92', '00f47007b13a426cb7245c71b8838b0e');
INSERT INTO sys_role_menu (id, role_id, menu_id) VALUES ('97d53af2a3f34642bb2f0f1db4ef347e', 'a79d3ef8dd7e4330b7a0734bba2a3c92', '83ceabd189ac4655a9f13f338890ec08');
INSERT INTO sys_role_menu (id, role_id, menu_id) VALUES ('9fdfbc833d6b4ec6b16575598187f37d', 'a79d3ef8dd7e4330b7a0734bba2a3c92', 'f83a728b2e1b4ca0a0913758c52b787f');
INSERT INTO sys_role_menu (id, role_id, menu_id) VALUES ('a816fc501eef4dacb7171384cac38d60', 'a79d3ef8dd7e4330b7a0734bba2a3c92', 'a548129b2e7e43659c8a5b2333527093');
INSERT INTO sys_role_menu (id, role_id, menu_id) VALUES ('aeb3dd08c4cb4018ad4aced3b6a8997a', 'a79d3ef8dd7e4330b7a0734bba2a3c92', '98bcbb615f5a41d3b7011f8a7a82df2e');
INSERT INTO sys_role_menu (id, role_id, menu_id) VALUES ('b169860ea5004bf2bfe4ecf8c2d5b7de', 'a79d3ef8dd7e4330b7a0734bba2a3c92', '5f35b5ad487d426db0f44cd955e7c91e');
INSERT INTO sys_role_menu (id, role_id, menu_id) VALUES ('bae2a53265c94e11a4f4e54ce960feab', 'a79d3ef8dd7e4330b7a0734bba2a3c92', '9442f0aadeb643cc98653ba17bd981aa');
INSERT INTO sys_role_menu (id, role_id, menu_id) VALUES ('c317ac44814d46a68e7eed015c50d6c0', 'a79d3ef8dd7e4330b7a0734bba2a3c92', '55a34ca354d24662bee99ea7373cbdb3');
INSERT INTO sys_role_menu (id, role_id, menu_id) VALUES ('c589905af0634565977a899896674175', 'a79d3ef8dd7e4330b7a0734bba2a3c92', '4cb68585af2c4a5f82ea793a22ae86b9');
INSERT INTO sys_role_menu (id, role_id, menu_id) VALUES ('cfa7aa429e8647f281740fe8068e8bf1', 'a79d3ef8dd7e4330b7a0734bba2a3c92', '1907e735d30147f1a18382d943bfa551');
INSERT INTO sys_role_menu (id, role_id, menu_id) VALUES ('d23d4ff4ac55410eab3baa426def0d1b', 'a79d3ef8dd7e4330b7a0734bba2a3c92', '64fb4ffab8fa49b39ce70f255108cb41');
INSERT INTO sys_role_menu (id, role_id, menu_id) VALUES ('d7e85a7acb9942f08d42603bb933f559', 'a79d3ef8dd7e4330b7a0734bba2a3c92', 'e3ab300903db4bf6b12681dbf87eff1e');
INSERT INTO sys_role_menu (id, role_id, menu_id) VALUES ('fa1501c5b5964def8e1ba87019e4b0de', 'a79d3ef8dd7e4330b7a0734bba2a3c92', '6e329f52f6894efd904ac7eaebfaf7f4');
INSERT INTO sys_role_menu (id, role_id, menu_id) VALUES ('fddf9a16b58649339c34e18460195347', 'a79d3ef8dd7e4330b7a0734bba2a3c92', '4f9b6bb6220f40c09604bf468258118f');

##字典
INSERT INTO sys_dict_type (dict_id, dict_name, dict_type, order_num, status, note, create_by, create_name, create_date, update_by, update_name, update_date) VALUES ('44ae5fe4ba8e4cee9b7702a8b82c46ff', '状态', 'enable_type', null, 0, '系统默认状态', 'admin', '系统管理员', '2023-06-26 10:39:33', 'admin', '系统管理员', '2023-06-26 16:08:28');
INSERT INTO sys_dict_type (dict_id, dict_name, dict_type, order_num, status, note, create_by, create_name, create_date, update_by, update_name, update_date) VALUES ('5cdc47f921564ddaac12a83e52cb52e8', '性别', 'sex_type', null, 0, null, 'admin', '系统管理员', '2023-04-20 10:20:13', 'admin', '系统管理员', '2023-06-26 15:55:11');
INSERT INTO sys_dict_type (dict_id, dict_name, dict_type, order_num, status, note, create_by, create_name, create_date, update_by, update_name, update_date) VALUES ('8d0c14b26f59435ca26d921452cba6ce', '是否', 'yes_no_type', null, 0, null, 'admin', '系统管理员', '2023-05-08 15:12:33', 'admin', '系统管理员', '2023-06-26 15:55:15');
INSERT INTO sys_dict_type (dict_id, dict_name, dict_type, order_num, status, note, create_by, create_name, create_date, update_by, update_name, update_date) VALUES ('c827bcb6cbbb498fa2da1c06bfe77904', '显示状态', 'visible_type', null, 0, '显示情况', 'admin', '系统管理员', '2023-04-20 10:20:13', 'admin', '系统管理员', '2023-06-26 16:08:47');

INSERT INTO sys_dict_data (dict_code, dict_label, dict_value, dict_type, order_num, status, note, create_by, create_name, create_date, update_by, update_name, update_date) VALUES ('1f775991cb034debaf4ce8ddb053b92e', '正常', '0', 'enable_type', 0, 0, null, 'admin', '系统管理员', '2023-04-20 10:20:44', null, null, null);
INSERT INTO sys_dict_data (dict_code, dict_label, dict_value, dict_type, order_num, status, note, create_by, create_name, create_date, update_by, update_name, update_date) VALUES ('46442a26165e417d9ef5baf5027c04eb', '隐藏', '1', 'visible_type', 1, 0, null, 'admin', '系统管理员', '2023-06-26 16:01:35', 'admin', '系统管理员', '2023-06-26 16:01:35');
INSERT INTO sys_dict_data (dict_code, dict_label, dict_value, dict_type, order_num, status, note, create_by, create_name, create_date, update_by, update_name, update_date) VALUES ('4afe2da544f8462582706283d066e0ed', '男', '0', 'sex_type', 0, 0, null, 'admin', '系统管理员', '2023-05-08 15:15:53', null, null, null);
INSERT INTO sys_dict_data (dict_code, dict_label, dict_value, dict_type, order_num, status, note, create_by, create_name, create_date, update_by, update_name, update_date) VALUES ('5118c5f37a4e4b3591ea9e7fe71998e7', '显示', '0', 'visible_type', 0, 0, null, 'admin', '系统管理员', '2023-06-26 16:01:43', 'admin', '系统管理员', '2023-06-26 16:01:43');
INSERT INTO sys_dict_data (dict_code, dict_label, dict_value, dict_type, order_num, status, note, create_by, create_name, create_date, update_by, update_name, update_date) VALUES ('67e1e1d1144444fc89b10ada6e3665bd', '女', '1', 'sex_type', 1, 0, null, 'admin', '系统管理员', '2023-05-10 15:09:41', null, null, null);
INSERT INTO sys_dict_data (dict_code, dict_label, dict_value, dict_type, order_num, status, note, create_by, create_name, create_date, update_by, update_name, update_date) VALUES ('d6296a1a210d4ad88d7b75605028b717', '停用', '1', 'enable_type', 1, 0, null, 'admin', '系统管理员', '2023-04-20 10:20:44', null, null, null);
INSERT INTO sys_dict_data (dict_code, dict_label, dict_value, dict_type, order_num, status, note, create_by, create_name, create_date, update_by, update_name, update_date) VALUES ('df8e62d8a92a4c7a89c95f270bde5c99', '是', '1', 'yes_no_type', 1, 0, null, 'admin', '系统管理员', '2023-04-20 10:20:44', 'admin', '系统管理员', '2023-06-26 16:09:06');
INSERT INTO sys_dict_data (dict_code, dict_label, dict_value, dict_type, order_num, status, note, create_by, create_name, create_date, update_by, update_name, update_date) VALUES ('e418bcae40a348f4b15f49a4b1b31f9c', '否', '0', 'yes_no_type', 0, 0, null, 'admin', '系统管理员', '2023-04-20 10:20:44', 'admin', '系统管理员', '2023-06-26 16:09:11');
